{'rr_intervals': '0.7030642032623291,0.6503794193267822,0.622161865234375,0.618295431137085,0.6182041168212891,0.6426267623901367,0.6913821697235107,0.7431464195251465,0.809370756149292,0.8259289264678955,0.8289921283721924,0.8356437683105469,0.8483476638793945,0.7664988040924072', 'bpm': 82.32031622527481, 'rmssd': 0.04164738435465784, 'sd': 0.08649970349206346, 'pNN': 0.0, 'prediction': 'SAFETY'}
{'rr_intervals': '0.697314977645874,0.7167134284973145,0.760749101638794,0.8230416774749756,0.8396892547607422,0.8152856826782227,0.8123602867126465,0.8367259502410889,0.8582067489624023,0.8610818386077881,0.7753064632415771,0.6943557262420654,0.6845669746398926', 'bpm': 76.65547740392266, 'rmssd': 0.044870188950973305, 'sd': 0.06275514138099991, 'pNN': 0.0, 'prediction': 'SAFETY'}
{'rr_intervals': '0.8314938545227051,0.8980412483215332,0.8631155490875244,0.8698596954345703,0.8796334266662598,0.8698484897613525,0.8338115215301514,0.8493838310241699,0.8503739833831787,0.7674708366394043,0.7771975994110107,0.7880408763885498,0.8102970123291016', 'bpm': 71.63476459057424, 'rmssd': 0.03693693471973848, 'sd': 0.03949043304384544, 'pNN': 0.0, 'prediction': 'SAFETY'}
{'rr_intervals': '0.8601264953613281,0.852325439453125,0.7440440654754639,0.6583001613616943,0.6250967979431152,0.6368753910064697,0.6737382411956787,0.7537751197814941,0.8259754180908203,0.8542361259460449,0.8542642593383789,0.868894100189209,0.8708071708679199', 'bpm': 77.39278559958667, 'rmssd': 0.05590002710179816, 'sd': 0.09331936828372536, 'pNN': 0.0, 'prediction': 'SAFETY'}
{'rr_intervals': '0.8542277812957764,0.8308331966400146,0.8114044666290283,0.7917871475219727,0.7975766658782959,0.7986850738525391,0.8240220546722412,0.831824541091919,0.8532998561859131,0.8542766571044922,0.8571796417236328,0.8571875095367432,0.8620493412017822', 'bpm': 72.0597279804327, 'rmssd': 0.015199933969915579, 'sd': 0.024824254155840157, 'pNN': 0.0, 'prediction': 'SAFETY'}
{'rr_intervals': '0.8690028190612793,0.8805103302001953,0.8679049015045166,0.8455145359039307,0.8386402130126953,0.8454990386962891,0.8103523254394531,0.7499425411224365,0.6484744548797607,0.6230719089508057,0.6142566204071045,0.6132946014404297,0.6348409652709961,0.6777129173278809', 'bpm': 79.85536160957535, 'rmssd': 0.03988893762834012, 'sd': 0.10584111005495744, 'pNN': 0.0, 'prediction': 'SAFETY'}
{'rr_intervals': '0.6844649314880371,0.8483226299285889,0.7595529556274414,0.7225809097290039,0.6777129173278809,0.6396749019622803,0.6445870399475098,0.6680824756622314,0.6737418174743652,0.6543354988098145,0.6279895305633545,0.626056432723999,0.5938425064086914,0.5978028774261475,0.6299059391021729', 'bpm': 89.56423984213198, 'rmssd': 0.05772816468050232, 'sd': 0.06376852422366859, 'pNN': 0.0, 'prediction': 'SAFETY'}
{'rr_intervals': '0.7341842651367188,0.7830145359039307,0.8376636505126953,0.8786444664001465,0.8795082569122314,0.8728044033050537,0.8385586738586426,0.7819404602050781,0.7770371437072754,0.4085104465484619,0.38608574867248535,0.8609652519226074,0.8297266960144043,0.7634313106536865', 'bpm': 79.00621238352397, 'rmssd': 0.17764541753169524, 'sd': 0.15438224803407286, 'pNN': 0.0, 'prediction': 'SAFETY'}
{'rr_intervals': '0.6454989910125732,0.6201436519622803,1.2860798835754395,0.6601130962371826,0.6698110103607178,0.6757383346557617,0.6815509796142578,0.6259770393371582,3.4410147666931152,2.7359554767608643,0.5343513488769531', 'bpm': 52.479937126614146, 'rmssd': 1.2520120053430306, 'sd': 0.9480054709220499, 'pNN': 0.0, 'prediction': 'SAFETY'}
{'rr_intervals': '0.5275392532348633,0.5245163440704346,0.5178217887878418,0.5167200565338135,0.5138945579528809,0.5090117454528809,5.023627996444702,0.9925854206085205,0.49730968475341797,0.49045872688293457,0.49633145332336426', 'bpm': 62.206539307452424, 'rmssd': 2.0242016427650404, 'sd': 1.2910367929721076, 'pNN': 0.0, 'prediction': 'SAFETY'}
{'rr_intervals': '0.6591966152191162,0.48558807373046875,0.4894988536834717,7.13474440574646,0.4573366641998291,0.4631531238555908,0.4563722610473633,0.4573025703430176', 'bpm': 45.26938437924141, 'rmssd': 3.846585032873016, 'sd': 2.1966488727493982, 'pNN': 0.0, 'prediction': 'SAFETY'}
{'rr_intervals': '0.4485297203063965,3.109628677368164,0.4407474994659424,0.4368414878845215,2.59870982170105,0.43291807174682617,0.4290645122528076,1.6996488571166992,0.4300546646118164,0.419248104095459', 'bpm': 57.441600421920015, 'rmssd': 1.8301333242969342, 'sd': 0.985888809917408, 'pNN': 0.0, 'prediction': 'SAFETY'}
{'rr_intervals': '0.4191756248474121,0.42032551765441895,0.4183335304260254,0.42027831077575684,0.4182705879211426,0.42224907875061035,0.4203217029571533,0.4202430248260498,0.4163634777069092,0.4143686294555664,0.4173407554626465,0.4164102077484131,0.4202125072479248,0.4202730655670166,0.42121243476867676,0.8336844444274902,0.4124460220336914,0.41733598709106445,2.9350571632385254', 'bpm': 104.7418464778201, 'rmssd': 0.6271595878101983, 'sd': 0.5644264117106077, 'pNN': 0.0, 'prediction': 'SAFETY'}
{'rr_intervals': '0.8385891914367676,0.4251573085784912,2.5128297805786133,0.8454017639160156,0.42510461807250977,0.8454136848449707,0.4251589775085449,3.7940099239349365', 'bpm': 47.469925891148414, 'rmssd': 1.788327830849905, 'sd': 1.1512491122894066, 'pNN': 0.0, 'prediction': 'SAFETY'}
{'rr_intervals': '2.0866358280181885,0.4163703918457031,0.4134228229522705,0.8346450328826904,4.5615234375,0.4134399890899658,2.0437631607055664,0.4066030979156494', 'bpm': 42.94762521722964, 'rmssd': 2.562605741507743, 'sd': 1.3739398934633344, 'pNN': 0.0, 'prediction': 'SAFETY'}
{'rr_intervals': '1.2256526947021484,0.40564870834350586,1.2052547931671143,0.4007568359375,1.2052643299102783,0.8005552291870117,0.8073816299438477,0.40074586868286133,0.40074586868286133,0.40172314643859863,0.40271663665771484,0.4038431644439697,0.39867281913757324,0.3988332748413086,0.4007260799407959,0.40273118019104004,0.40386176109313965,0.4045131206512451,0.4036827087402344', 'bpm': 104.84388062641014, 'rmssd': 0.4155403542694505, 'sd': 0.30272335575749476, 'pNN': 0.0, 'prediction': 'SAFETY'}
{'rr_intervals': '0.4017319679260254,0.40471959114074707,0.4046468734741211,0.406618595123291,0.4065868854522705,0.4017627239227295,0.40270304679870605,0.4056220054626465,0.40656495094299316,0.40761375427246094,0.40854406356811523,0.4076383113861084,0.40747690200805664,0.41049718856811523,0.41246891021728516,0.40660667419433594,0.40659499168395996,0.40761661529541016,0.4065976142883301,0.41051769256591797,0.4105503559112549,0.41048717498779297,0.4075906276702881,0.40269017219543457,0.4105043411254883,0.4075808525085449', 'bpm': 147.41272408911206, 'rmssd': 0.0030002803372250015, 'sd': 0.002786316518822079, 'pNN': 0.0, 'prediction': 'SAFETY'}
{'rr_intervals': '0.41243743896484375,0.41738247871398926,0.41930198669433594,0.41344332695007324,0.4163649082183838,0.4144561290740967,0.41838812828063965,0.41725611686706543,0.419323205947876,0.42019057273864746,0.4173159599304199,0.41928553581237793,0.4182922840118408,0.4154322147369385,0.41538381576538086,0.8298215866088867,0.4065978527069092,0.8249127864837646,0.41341638565063477,2.0944664478302', 'bpm': 110.87018238241713, 'rmssd': 0.44229456610930334, 'sd': 0.37699626658345164, 'pNN': 0.0, 'prediction': 'SAFETY'}
{'rr_intervals': '0.46121788024902344,0.946760892868042,0.4691426753997803,0.9301180839538574,0.4709773063659668,0.9633526802062988,1.8848936557769775,0.9517290592193604,0.4680507183074951,0.46608448028564453,0.464202880859375,0.9224755764007568,0.46318936347961426,0.4641120433807373', 'bpm': 81.34563265070902, 'rmssd': 0.5404132590401729, 'sd': 0.38903297128186026, 'pNN': 0.0, 'prediction': 'SAFETY'}
{'rr_intervals': '0.4590592384338379,1.3709661960601807,0.4631171226501465,0.9214687347412109,0.4553968906402588,0.4563765525817871,0.46212244033813477,0.4612009525299072,0.4563601016998291,0.4553706645965576,0.45534729957580566,0.4553811550140381,0.45343613624572754,0.4543757438659668,0.45441102981567383,0.4504671096801758,0.45050883293151855,0.4524703025817871,0.452451229095459', 'bpm': 113.54256275387795, 'rmssd': 0.35005518165220023, 'sd': 0.22411876267613762, 'pNN': 0.0, 'prediction': 'SAFETY'}
{'rr_intervals': '0.47295427322387695,0.4729464054107666,0.4728860855102539,0.48366665840148926,0.5041244029998779,0.5236384868621826,0.514850378036499,0.5031716823577881,0.49732160568237305,0.49828314781188965,0.4982903003692627,0.4855947494506836,0.4788172245025635,0.4758293628692627,0.472942590713501,0.47102880477905273,0.47096705436706543,0.46903133392333984,0.46323323249816895,0.46512746810913086,0.4710049629211426', 'bpm': 123.94608678313111, 'rmssd': 0.008789500679752562, 'sd': 0.016883029278270067, 'pNN': 0.0, 'prediction': 'SAFETY'}
{'rr_intervals': '0.4982736110687256,0.5128591060638428,0.5265753269195557,0.5002498626708984,0.4924588203430176,0.5070605278015137,0.5080435276031494,0.5296275615692139,0.5742547512054443,0.5714061260223389,3.7261006832122803,7.412045240402222', 'bpm': 44.01259087902368, 'rmssd': 1.5343441392667128, 'sd': 2.025962778889276, 'pNN': 0.0, 'prediction': 'SAFETY'}
{'rr_intervals': '0.6610255241394043,0.6221828460693359,0.6065247058868408,0.5655779838562012,0.5499651432037354,0.5490269660949707,0.5519223213195801,0.5665717124938965,0.5353183746337891,0.5392351150512695,9.629107236862183,0.5519070625305176', 'bpm': 45.20237955089633, 'rmssd': 4.06234204002441, 'sd': 2.503335183874184, 'pNN': 0.0, 'prediction': 'SAFETY'}
{'rr_intervals': '0.5207431316375732,0.5226361751556396,0.5226237773895264,0.5333778858184814,0.5421452522277832,0.5460562705993652,0.5459721088409424,0.5411791801452637,0.5391929149627686,0.5372745990753174,0.535341739654541,0.5265583992004395,0.5050930976867676,0.5070328712463379,0.505091667175293,0.5050790309906006,0.5080006122589111,0.5099632740020752,0.5196948051452637,0.5509369373321533', 'bpm': 114.02515344693684, 'rmssd': 0.01020440092055727, 'sd': 0.015328741950410391, 'pNN': 0.0, 'prediction': 'SAFETY'}
{'rr_intervals': '0.5587441921234131,0.57627272605896,0.5918710231781006,0.6270363330841064,0.5772407054901123,0.5782485008239746,0.5694286823272705,0.5762872695922852,0.5723729133605957,0.5655269622802734,0.5645761489868164,0.5587263107299805,0.5557770729064941,0.5528712272644043,0.5236179828643799,0.5226545333862305,0.5158393383026123,0.5265281200408936', 'bpm': 106.78668918047477, 'rmssd': 0.018581641311423303, 'sd': 0.0266263850668225, 'pNN': 0.0, 'prediction': 'SAFETY'}
{'rr_intervals': '0.5401527881622314,0.554821252822876,0.5519063472747803,0.535287618637085,0.5314218997955322,0.5177619457244873,0.5265359878540039,0.5343606472015381,0.5431418418884277,0.5333459377288818,0.5392367839813232,0.5587239265441895,0.6045653820037842,0.30909252166748047,0.3403127193450928,0.5782482624053955,1.1204276084899902,0.5480208396911621,0.5548577308654785', 'bpm': 108.3421349065395, 'rmssd': 0.212834577964976, 'sd': 0.15112862960299828, 'pNN': 0.0, 'prediction': 'SAFETY'}
{'rr_intervals': '0.5362536907196045,0.5392565727233887,0.54412841796875,0.5635986328125,0.5616848468780518,1.1116299629211426,4.725308895111084,0.6113495826721191,0.6230831146240234,0.6513733863830566', 'bpm': 57.319362003661674, 'rmssd': 1.9457366792324353, 'sd': 1.2369681779656136, 'pNN': 0.0, 'prediction': 'SAFETY'}
{'rr_intervals': '0.585038423538208,0.5977237224578857,0.6142177581787109,0.6463966369628906,0.5966789722442627,0.600635290145874,0.619135856628418,0.6561977863311768,0.6386275291442871,0.6093740463256836,0.6337707042694092,0.6552004814147949,0.6308133602142334,0.7302732467651367,0.6318202018737793,0.6444573402404785,0.6747174263000488', 'bpm': 94.75081609318282, 'rmssd': 0.0440802992962198, 'sd': 0.03395171138223314, 'pNN': 0.0, 'prediction': 'SAFETY'}
{'rr_intervals': '0.6250209808349609,6.439059019088745,0.4806833267211914,0.6122982501983643,0.6815130710601807,0.7566752433776855,0.7887048721313477', 'bpm': 40.44701749663397, 'rmssd': 3.7238170639931507, 'sd': 2.0253177061302265, 'pNN': 0.0, 'prediction': 'SAFETY'}
{'rr_intervals': '0.8229196071624756,0.7790443897247314,0.6815135478973389,0.6357381343841553,0.6366143226623535,0.6737725734710693,0.6210756301879883,0.6317996978759766,0.6317849159240723,0.6552278995513916,0.726391077041626,0.759512186050415,0.72055983543396,0.6513254642486572,0.6493463516235352', 'bpm': 87.57738504056721, 'rmssd': 0.04869966443920189, 'sd': 0.0601896287275616, 'pNN': 0.0, 'prediction': 'SAFETY'}
{'rr_intervals': '0.6172587871551514,0.609299898147583,0.6366927623748779,0.6610832214355469,0.692258358001709,0.6981146335601807,0.6727633476257324,0.6854691505432129,0.6669254302978516,0.6581447124481201,0.649324893951416,0.6044800281524658,0.6152141094207764,0.6142492294311523,0.7165918350219727,0.8502659797668457,0.902846097946167', 'bpm': 88.30417691160142, 'rmssd': 0.04963355425193123, 'sd': 0.07953071238400448, 'pNN': 0.0, 'prediction': 'SAFETY'}
{'rr_intervals': '0.8306925296783447,0.6961534023284912,0.675757646560669,0.7194600105285645,0.7673730850219727,0.7341728210449219,0.734201192855835,0.8092832565307617,0.8180272579193115,0.6913111209869385,0.8015034198760986,0.8053762912750244,0.7546737194061279,0.7635042667388916', 'bpm': 79.23414523389984, 'rmssd': 0.07094681442872049, 'sd': 0.048866798337132276, 'pNN': 0.0, 'prediction': 'SAFETY'}
{'rr_intervals': '0.8512308597564697,0.6795990467071533,0.6630239486694336,0.677621603012085,0.6971375942230225,0.6532721519470215,0.7069056034088135,0.8346505165100098,0.6796290874481201,0.6464436054229736,0.6591043472290039,0.7205383777618408,0.7975914478302002,0.8160693645477295', 'bpm': 83.31004656801323, 'rmssd': 0.08504490417088197, 'sd': 0.06978824434127585, 'pNN': 0.0, 'prediction': 'SAFETY'}
{'rr_intervals': '0.5069780349731445,0.8063981533050537,0.6425249576568604,0.6922347545623779,0.8024294376373291,0.7380931377410889,0.758573055267334,0.8092598915100098,0.9107160568237305,0.9155094623565674,0.830697774887085,0.8161265850067139,0.8472723960876465', 'bpm': 77.4054203432515, 'rmssd': 0.11944578045187862, 'sd': 0.10704343370276742, 'pNN': 0.0, 'prediction': 'SAFETY'}
{'rr_intervals': '0.7318129539489746,0.7498445510864258,0.326627254486084,0.47582006454467773,0.8541367053985596,0.8911511898040771,0.8912215232849121,0.7507638931274414,0.702991247177124,0.7498493194580078,0.8482792377471924,0.8707103729248047,0.866828441619873,0.8989453315734863', 'bpm': 79.17819006350408, 'rmssd': 0.17833360361013634, 'sd': 0.1618833368085181, 'pNN': 0.0, 'prediction': 'SAFETY'}
{'rr_intervals': '0.8609421253204346,0.891132116317749,0.9301323890686035,0.9204342365264893,0.807335376739502,0.6952085494995117,0.695228099822998,0.6630406379699707,0.6483983993530273,0.7312915325164795,0.7000880241394043,0.7497961521148682,0.7956335544586182', 'bpm': 77.3145202334345, 'rmssd': 0.06146515095521644, 'sd': 0.09486728407771033, 'pNN': 0.0, 'prediction': 'SAFETY'}
{'rr_intervals': '0.6874263286590576,0.6269168853759766,0.6239955425262451,0.6259992122650146,0.6649618148803711,0.7761538028717041,0.7820930480957031,0.6979954242706299,0.7342019081115723,0.7898013591766357,0.826890230178833,0.8423988819122314,0.7283575534820557,0.7195661067962646', 'bpm': 82.9485598274474, 'rmssd': 0.060390668713794955, 'sd': 0.07055672308655835, 'pNN': 0.0, 'prediction': 'SAFETY'}
{'rr_intervals': '0.8297905921936035,0.7898232936859131,0.7517356872558594,0.7907021045684814,0.8502881526947021,0.8580174446105957,0.481647253036499,0.3178849220275879,0.6523430347442627,0.6630415916442871,0.6659748554229736,0.7371523380279541,0.6825549602508545,0.7449769973754883,0.7869315147399902', 'bpm': 84.88272008330343, 'rmssd': 0.15250179971041555, 'sd': 0.1396226405146801, 'pNN': 0.0, 'prediction': 'SAFETY'}
{'rr_intervals': '0.7586259841918945,0.7303974628448486,0.8190188407897949,0.723480224609375,0.7790091037750244,0.7779898643493652,0.8151271343231201,0.7497565746307373,0.6298172473907471,1.0022940635681152,0.8365087509155273,0.7771070003509521,0.8258371353149414', 'bpm': 76.2838469704894, 'rmssd': 0.13916229639506972, 'sd': 0.08157328479789441, 'pNN': 0.0, 'prediction': 'SAFETY'}
{'rr_intervals': '0.3275628089904785,0.8823442459106445,0.8434033393859863,0.8746018409729004,0.8990292549133301,0.8414444923400879,0.8317265510559082,0.7244534492492676,0.6571991443634033,0.6981346607208252,0.6454355716705322,0.6474359035491943,0.7049534320831299,0.7935996055603027', 'bpm': 80.99254980754584, 'rmssd': 0.16978744239493773, 'sd': 0.1448211267275005, 'pNN': 0.0, 'prediction': 'SAFETY'}
{'rr_intervals': '0.6357159614562988,0.7225162982940674,0.7567028999328613,0.7585763931274414,2.6530966758728027,0.6075093746185303,1.2763149738311768,0.6738619804382324,0.6804728507995605,0.6074609756469727,0.610419750213623,0.6005840301513672', 'bpm': 68.03214640070973, 'rmssd': 0.9272578666699155, 'sd': 0.5625013703717345, 'pNN': 0.25, 'prediction': 'SAFETY'}
{'rr_intervals': '0.645470380783081,0.654252290725708,0.6689269542694092,0.661081075668335,0.6571557521820068,7.067307472229004', 'bpm': 34.76852013568835, 'rmssd': 3.205090268139469, 'sd': 2.388850356171422, 'pNN': 0.16666666666666666, 'prediction': 'SAFETY'}
{'rr_intervals': '1.6118292808532715,0.6708407402038574,0.6533172130584717,0.6444776058197021,0.663050651550293,0.680588960647583,0.6727399826049805,0.6698610782623291,0.654266357421875,0.5957667827606201,0.5986430644989014,0.5928232669830322,0.6045351028442383,0.5898838043212891,0.5996465682983398', 'bpm': 85.69575535278719, 'rmssd': 0.261757634368868, 'sd': 0.2458948590351635, 'pNN': 0.0, 'prediction': 'SAFETY'}
{'rr_intervals': '0.7039878368377686,0.7732048034667969,0.6981246471405029,8.729274272918701,0.6971583366394043', 'bpm': 25.858168178361822, 'rmssd': 6.558065739830417, 'sd': 3.204589256336238, 'pNN': 0.4, 'prediction': 'SAFETY'}
{'rr_intervals': '1.2849693298339844,0.6923282146453857,0.725395917892456,0.6424965858459473,0.6133055686950684,0.5879168510437012,0.5450005531311035,0.695141077041626,0.645421028137207,0.6727390289306641,0.6903500556945801,0.6522536277770996,0.6464295387268066,0.6454577445983887,0.6708393096923828', 'bpm': 86.45496240732204, 'rmssd': 0.1733668592308911, 'sd': 0.16382449060607374, 'pNN': 0.06666666666666667, 'prediction': 'SAFETY'}
{'rr_intervals': '0.7030222415924072,0.7039568424224854,0.690314769744873,0.6191551685333252,0.6220853328704834,0.6103942394256592,0.5821137428283691,0.5898761749267578,0.6123046875,0.6766443252563477,0.7585594654083252,0.830819845199585,0.8569984436035156,0.8492739200592041,0.8414537906646729', 'bpm': 85.33254051662524, 'rmssd': 0.04264017550997454, 'sd': 0.09741700240900598, 'pNN': 0.2, 'prediction': 'SAFETY'}
{'rr_intervals': '0.70102858543396,0.7147226333618164,0.6785805225372314,0.6435389518737793,0.6658656597137451,0.6590909957885742,0.3061339855194092,0.3666391372680664,0.6931664943695068,0.7331948280334473,0.7565674781799316,0.7917685508728027,0.8511550426483154,0.8735814094543457,0.7946341037750244', 'bpm': 87.97939157661528, 'rmssd': 0.13916668101771465, 'sd': 0.15117209185165797, 'pNN': 0.2, 'prediction': 'SAFETY'}
{'rr_intervals': '0.7780792713165283,0.7663743495941162,0.759545087814331,0.7273662090301514,0.6406171321868896,0.6327855587005615,0.6278760433197021,0.6328079700469971,0.6230423450469971,0.6513304710388184,0.7575409412384033,0.8570494651794434,0.888237476348877,0.7995436191558838', 'bpm': 82.82230051242078, 'rmssd': 0.057570084486162576, 'sd': 0.08693266047909425, 'pNN': 0.14285714285714285, 'prediction': 'SAFETY'}
{'rr_intervals': '0.7751259803771973,0.7878639698028564,0.783912181854248,0.7838873863220215,0.7595200538635254,0.7410299777984619,0.7312660217285156,0.7331771850585938,0.7468855381011963,0.7331826686859131,0.6874046325683594,0.6532211303710938,0.6795933246612549,0.7459108829498291', 'bpm': 81.22235047125449, 'rmssd': 0.028789248514711867, 'sd': 0.03958313820037327, 'pNN': 0.07142857142857142, 'prediction': 'SAFETY'}
{'rr_intervals': '0.9350509643554688,0.8804221153259277,0.8735575675964355,0.8677585124969482,0.8112070560455322,0.7439131736755371,0.7692863941192627,0.797565221786499,0.7877781391143799,0.7458772659301758,0.8083193302154541,0.8306524753570557,0.30907249450683594,0.5118517875671387', 'bpm': 78.70833993570974, 'rmssd': 0.1662451647130667, 'sd': 0.1574724589195766, 'pNN': 0.14285714285714285, 'prediction': 'SAFETY'}
{'rr_intervals': '0.6825520992279053,0.9857215881347656,0.7634034156799316,0.7839095592498779,0.8151309490203857,0.7946193218231201,0.7332062721252441,0.7146859169006348,0.7351348400115967,0.78678297996521,0.8054018020629883,0.7975881099700928,0.7789685726165771', 'bpm': 76.642617649108, 'rmssd': 0.11720524705167772, 'sd': 0.06957028916867235, 'pNN': 0.15384615384615385, 'prediction': 'SAFETY'}
{'rr_intervals': '0.6405692100524902,0.6259698867797852,0.6512682437896729,0.6951169967651367,0.7848803997039795,0.8063251972198486,0.8189642429351807,0.74977707862854,0.7234508991241455,0.7312595844268799,0.7702553272247314,0.7594742774963379,0.7975773811340332,0.8287076950073242', 'bpm': 80.89682668701936, 'rmssd': 0.04188446659731738, 'sd': 0.06453721038447907, 'pNN': 0.07142857142857142, 'prediction': 'SAFETY'}
{'rr_intervals': '0.720595121383667,0.6698489189147949,0.6434876918792725,0.6210756301879883,0.6074032783508301,0.5986363887786865,0.6405625343322754,0.7888004779815674,0.8872716426849365,0.8911523818969727,0.8307266235351562,0.8268091678619385,0.8404169082641602,0.8629488945007324,0.8424217700958252', 'bpm': 79.84274576869512, 'rmssd': 0.057016155623675006, 'sd': 0.10727151525152115, 'pNN': 0.13333333333333333, 'prediction': 'SAFETY'}
{'rr_intervals': '0.8267619609832764,0.7770912647247314,0.7156312465667725,0.7527282238006592,0.7741067409515381,0.8112242221832275,0.8462932109832764,0.7683053016662598,0.8004887104034424,0.8511738777160645,0.7566485404968262,0.761474609375,0.7741456031799316', 'bpm': 76.35027283281381, 'rmssd': 0.05177840580696169, 'sd': 0.03781184335758251, 'pNN': 0.07692307692307693, 'prediction': 'SAFETY'}
{'rr_intervals': '0.7546994686126709,0.7371182441711426,0.6912918090820312,0.7020008563995361,0.7048864364624023,0.7429931163787842,0.7897419929504395,0.7761075496673584,0.7185850143432617,0.7429385185241699,0.8024153709411621,0.8336262702941895,0.8375067710876465,0.8404550552368164', 'bpm': 78.69319477030251, 'rmssd': 0.03511047866482774, 'sd': 0.04980627170268431, 'pNN': 0.07142857142857142, 'prediction': 'SAFETY'}
{'rr_intervals': '0.7828407287597656,0.7390363216400146,0.7116832733154297,0.6844367980957031,0.6249866485595703,0.6180934906005859,0.49335527420043945,0.7789828777313232,0.7507104873657227,0.8404364585876465,0.6600613594055176,1.2207274436950684,0.9730324745178223,0.93896484375', 'bpm': 77.65304053351144, 'rmssd': 0.2086422547990845, 'sd': 0.17378348041077485, 'pNN': 0.21428571428571427, 'prediction': 'SAFETY'}
{'rr_intervals': '0.9535508155822754,0.9301302433013916,0.8482091426849365,0.7205295562744141,0.7175772190093994,0.7263011932373047,0.7235095500946045,0.758493185043335,0.7829508781433105,0.8170297145843506,0.7634444236755371,0.8073067665100098,0.8062982559204102,0.7897665500640869', 'bpm': 75.36946181428812, 'rmssd': 0.051403053965080193, 'sd': 0.07113845041597854, 'pNN': 0.0, 'prediction': 'SAFETY'}
{'rr_intervals': '1.0442705154418945,0.8326554298400879,0.754784107208252,0.788637638092041,0.803412914276123,0.819037914276123,0.7546687126159668,0.7147319316864014,0.7205681800842285,0.740018367767334,0.7926785945892334,0.8414721488952637,0.8268251419067383', 'bpm': 74.75731477784748, 'rmssd': 0.07626065096486193, 'sd': 0.0808228649335078, 'pNN': 0.07692307692307693, 'prediction': 'SAFETY'}
{'rr_intervals': '0.6951429843902588,0.6698722839355469,0.6873443126678467,0.7039244174957275,0.7508208751678467,0.7565634250640869,0.8131697177886963,0.8365707397460938,0.8414294719696045,0.792670726776123,0.8121986389160156,0.8180551528930664,0.8599710464477539', 'bpm': 77.70678283218143, 'rmssd': 0.03271990990267841, 'sd': 0.06288727572043455, 'pNN': 0.07692307692307693, 'prediction': 'SAFETY'}
{'rr_intervals': '0.7390444278717041,0.8131799697875977,0.5460004806518555,0.8638436794281006,0.7049074172973633,0.7770905494689941,0.8677527904510498,0.8843438625335693,0.7692897319793701,0.7487766742706299,0.7273952960968018,0.7185826301574707,0.7136974334716797,0.7370998859405518,0.7565855979919434', 'bpm': 79.17245134296704, 'rmssd': 0.1335939889283744, 'sd': 0.07993605438195643, 'pNN': 0.26666666666666666, 'prediction': 'SAFETY'}
{'rr_intervals': '0.744936466217041,0.6747214794158936,0.767357587814331,0.7468299865722656,0.7536654472351074,0.7576408386230469,0.8190248012542725,0.8287839889526367,0.8307549953460693,0.7575891017913818,0.7829799652099609,0.8102357387542725,0.778059720993042', 'bpm': 77.5920202405977, 'rmssd': 0.048278300543373565, 'sd': 0.04121860159718468, 'pNN': 0.15384615384615385, 'prediction': 'SAFETY'}
{'rr_intervals': '0.8142595291137695,0.8073854446411133,0.7547595500946045,0.781043529510498,0.8093538284301758,0.8202168941497803,0.7682957649230957,0.7742531299591064,0.8151719570159912,0.8503663539886475,0.8289179801940918,0.7762901782989502,0.7673823833465576', 'bpm': 75.23368360749092, 'rmssd': 0.03487695453738131, 'sd': 0.027703378687632403, 'pNN': 0.0, 'prediction': 'SAFETY'}
{'rr_intervals': '0.7976653575897217,0.7645232677459717,0.7577035427093506,0.7741854190826416,0.7878756523132324,0.7939589023590088,0.7525672912597656,0.7771081924438477,0.8034870624542236,0.8209786415100098,0.7888033390045166,0.8053784370422363,0.8229432106018066', 'bpm': 76.11851535492933, 'rmssd': 0.02445183408678481, 'sd': 0.021507194871011263, 'pNN': 0.0, 'prediction': 'SAFETY'}
{'rr_intervals': '0.7810251712799072,0.796682596206665,0.7975859642028809,0.7800588607788086,0.7800998687744141,0.7723684310913086,0.7908086776733398,0.7508878707885742,0.7654423713684082,0.7528350353240967,0.7284600734710693,0.7216181755065918,0.7050683498382568,0.6747903823852539', 'bpm': 79.26224342891938, 'rmssd': 0.01989355317526449, 'sd': 0.03574848660574434, 'pNN': 0.0, 'prediction': 'SAFETY'}
{'rr_intervals': '0.6318302154541016,0.6553606986999512,0.680570125579834,0.7450399398803711,0.8084204196929932,0.8346612453460693,0.7226476669311523,0.7011172771453857,0.7021586894989014,0.6894087791442871,0.6699035167694092,0.6524269580841064,0.6191978454589844,0.6074297428131104,0.6240332126617432', 'bpm': 87.00522505190871, 'rmssd': 0.04422815747871136, 'sd': 0.06428354655424508, 'pNN': 0.13333333333333333, 'prediction': 'SAFETY'}
{'rr_intervals': '0.6737551689147949,0.687453031539917,0.687291145324707,0.7498643398284912,0.7887799739837646,0.8248569965362549,0.7819888591766357,0.8141331672668457,0.825857400894165,0.8287320137023926,0.7771611213684082,0.7800154685974121,0.7751498222351074,0.7546465396881104,0.7206132411956787', 'bpm': 78.46352180438137, 'rmssd': 0.033056739103996, 'sd': 0.05018340769263025, 'pNN': 0.06666666666666667, 'prediction': 'SAFETY'}
{'rr_intervals': '0.765376091003418,0.7586324214935303,0.8142337799072266,0.7888510227203369,0.8288495540618896,0.8385858535766602,0.7693760395050049,0.7439854145050049,0.727463960647583,0.7264676094055176,0.6855258941650391,0.6367363929748535,0.6143145561218262,0.6454877853393555', 'bpm': 81.20738854938402, 'rmssd': 0.0373226164142402, 'sd': 0.06869308575469252, 'pNN': 0.07142857142857142, 'prediction': 'SAFETY'}
{'rr_intervals': '0.7352209091186523,0.7965884208679199,0.8414878845214844,0.8433973789215088,0.8200340270996094,0.7917289733886719,0.7020270824432373,0.6747922897338867,0.6601333618164062,0.6815693378448486,0.7128159999847412,0.7332313060760498,0.6639354228973389,0.6708691120147705', 'bpm': 81.33362743695962, 'rmssd': 0.0436255699815122, 'sd': 0.06549798773266473, 'pNN': 0.07142857142857142, 'prediction': 'SAFETY'}
{'rr_intervals': '0.7371315956115723,0.797614336013794,0.857079267501831,0.855149507522583,0.7995266914367676,0.8200380802154541,0.8405337333679199,0.8015687465667725,0.7127623558044434,0.7293453216552734,0.7410285472869873,0.7703216075897217,0.7089047431945801', 'bpm': 76.68859033642181, 'rmssd': 0.04822212133107426, 'sd': 0.05078638795353762, 'pNN': 0.15384615384615385, 'prediction': 'SAFETY'}
{'rr_intervals': '0.8005297183990479,0.8151090145111084,0.7049813270568848,0.7322731018066406,0.731316089630127,0.7605013847351074,0.8112540245056152,0.8112311363220215,0.7946720123291016,0.7849295139312744,0.7566609382629395,0.7284159660339355,0.659156084060669,0.6231029033660889', 'bpm': 79.89246310913798, 'rmssd': 0.04525557742465691, 'sd': 0.05679609893313457, 'pNN': 0.07142857142857142, 'prediction': 'SAFETY'}
{'rr_intervals': '0.6123676300048828,0.6435904502868652,0.728398323059082,0.8726415634155273,0.9409377574920654,0.9341466426849365,0.9506890773773193,0.9624171257019043,0.9175431728363037,0.8649015426635742,0.8610117435455322,0.8629693984985352', 'bpm': 70.92467953125296, 'rmssd': 0.06236891584024558, 'sd': 0.11452015483951199, 'pNN': 0.25, 'prediction': 'SAFETY'}
{'rr_intervals': '0.8414392471313477,0.7020297050476074,0.7234814167022705,0.7585749626159668,0.851189136505127,0.9049179553985596,0.8911316394805908,0.8580849170684814,0.8209879398345947,0.6678194999694824,0.9788320064544678,0.41237664222717285,0.33839869499206543,0.6014528274536133', 'bpm': 81.1538015387276, 'rmssd': 0.21427795455515833, 'sd': 0.17834856869689017, 'pNN': 0.2857142857142857, 'prediction': 'SAFETY'}
{'rr_intervals': '0.7996225357055664,0.8229296207427979,0.7224843502044678,0.7196385860443115,0.7303388118743896,0.7917847633361816,0.8424432277679443,0.8160533905029297,0.8502943515777588,0.8589401245117188,0.8737218379974365,0.8590216636657715,0.7956750392913818', 'bpm': 74.40654837153144, 'rmssd': 0.04620896811517588, 'sd': 0.051428233315791334, 'pNN': 0.15384615384615385, 'prediction': 'SAFETY'}
{'rr_intervals': '0.7761631011962891,0.7273850440979004,0.7224977016448975,0.7430019378662109,0.7722649574279785,0.7976205348968506,0.8034489154815674,0.7761573791503906,0.7439873218536377,0.7010688781738281,0.6522722244262695,0.6455099582672119,0.6532618999481201,0.6669223308563232', 'bpm': 82.50207430975709, 'rmssd': 0.029793851853381636, 'sd': 0.05360046594569267, 'pNN': 0.0, 'prediction': 'SAFETY'}
{'rr_intervals': '0.7401309013366699,0.7148044109344482,0.7789998054504395,0.8015198707580566,0.8190481662750244,0.8190538883209229,0.8453972339630127,0.8726778030395508,0.7781496047973633,0.6913406848907471,0.6426107883453369,0.6396396160125732,0.6318521499633789,0.6483798027038574,0.6855216026306152', 'bpm': 81.01447164358842, 'rmssd': 0.04606283031389654, 'sd': 0.07898656764204501, 'pNN': 0.06666666666666667, 'prediction': 'SAFETY'}
{'rr_intervals': '0.7761211395263672,0.7985994815826416,0.8483185768127441,0.858069896697998,0.8570816516876221,0.8258655071258545,0.7702879905700684,0.7673895359039307,0.7527854442596436,0.7712581157684326,0.7381319999694824,0.7683651447296143,0.8016009330749512', 'bpm': 75.47991130832676, 'rmssd': 0.03135653843580954, 'sd': 0.03893039947954793, 'pNN': 0.0, 'prediction': 'SAFETY'}
{'rr_intervals': '0.8259322643280029,0.7829556465148926,0.7966306209564209,0.8210179805755615,0.8200671672821045,0.7371575832366943,0.6864261627197266,0.6611044406890869,0.6299037933349609,0.6455276012420654,0.6610996723175049,0.7010726928710938,0.7732183933258057,0.8122203350067139', 'bpm': 81.12544672106291, 'rmssd': 0.04330374965304682, 'sd': 0.07051733797605911, 'pNN': 0.07142857142857142, 'prediction': 'SAFETY'}
{'rr_intervals': '0.7449486255645752,0.7733604907989502,0.7896437644958496,0.8006908893585205,0.8249084949493408,0.7996120452880859,0.693293571472168,0.6796646118164062,0.664118766784668,0.6767532825469971,0.7020542621612549,0.7245204448699951,0.7381730079650879,0.7264666557312012', 'bpm': 81.25198542645725, 'rmssd': 0.03626268932032561, 'sd': 0.050327763180138485, 'pNN': 0.0, 'prediction': 'SAFETY'}
{'rr_intervals': '0.7070515155792236,0.6814994812011719,0.6513814926147461,0.6641044616699219,0.6903965473175049,0.7450282573699951,0.8181779384613037,0.8532514572143555,0.8425085544586182,0.8503289222717285,0.8396027088165283,0.7273950576782227,0.7069106101989746,0.6874821186065674', 'bpm': 80.26664485041893, 'rmssd': 0.0462403632544738, 'sd': 0.07337212449840722, 'pNN': 0.14285714285714285, 'prediction': 'SAFETY'}
{'rr_intervals': '0.7186853885650635,0.7312908172607422,0.6825375556945801,0.6971926689147949,0.7010164260864258,0.7088794708251953,0.719590425491333,0.7098145484924316,0.7147629261016846,0.7078351974487305,0.6922817230224609,0.6406745910644531,0.6483170986175537,0.6522829532623291,0.6659526824951172,0.6620430946350098', 'bpm': 86.85300956725844, 'rmssd': 0.021198482765916234, 'sd': 0.02768098644207309, 'pNN': 0.0, 'prediction': 'SAFETY'}
{'rr_intervals': '0.6620423793792725,0.6874489784240723,0.7263996601104736,0.7390713691711426,0.7615203857421875,0.7107944488525391,0.6669406890869141,0.658113956451416,0.641596794128418,0.6123380661010742,0.62790846824646,0.6396613121032715,0.6756823062896729,0.6542849540710449,0.7137517929077148', 'bpm': 88.4298783337482, 'rmssd': 0.0330529711993449, 'sd': 0.04198644338137815, 'pNN': 0.06666666666666667, 'prediction': 'SAFETY'}
{'rr_intervals': '0.8122665882110596,0.8180887699127197,0.8814454078674316,0.918511152267456,0.8677959442138672,0.8336739540100098,0.8259127140045166,0.8024933338165283,0.728370189666748,0.7254915237426758,0.6982216835021973,0.7087948322296143,0.43587207794189453', 'bpm': 77.55839667178229, 'rmssd': 0.09076025873581993, 'sd': 0.11781972534720854, 'pNN': 0.07692307692307693, 'prediction': 'SAFETY'}
{'rr_intervals': '0.7469370365142822,0.8073248863220215,0.8239235877990723,0.8112597465515137,0.7673702239990234,0.6961939334869385,0.6952164173126221,0.6893429756164551,0.7245056629180908,0.8034853935241699,0.7810473442077637,0.8190672397613525,0.8424134254455566,0.8414654731750488', 'bpm': 77.4225420312451, 'rmssd': 0.04191213377001393, 'sd': 0.053327608013827875, 'pNN': 0.14285714285714285, 'prediction': 'SAFETY'}
{'rr_intervals': '0.8161525726318359,0.7956430912017822,0.7927095890045166,0.7235333919525146,0.7576260566711426,0.7693133354187012,0.7888195514678955,0.7332639694213867,0.7400639057159424,0.7351796627044678,0.7029964923858643,0.730294942855835,0.7127950191497803,0.700084924697876,0.7147262096405029', 'bpm': 80.26252827860496, 'rmssd': 0.031025579774116303, 'sd': 0.03572855309217111, 'pNN': 0.0, 'prediction': 'SAFETY'}
{'rr_intervals': '0.6844561100006104,0.6718242168426514,0.6366994380950928,0.6376528739929199,0.6240310668945312,0.6337752342224121,0.6123490333557129,0.6044836044311523,0.6123404502868652,0.6542401313781738,0.7098822593688965,0.5830793380737305,0.9360299110412598,0.7439661026000977,0.6532731056213379,0.6600983142852783,0.6347332000732422', 'bpm': 90.32212276861699, 'rmssd': 0.11359748223474878, 'sd': 0.07800369601822267, 'pNN': 0.11764705882352941, 'prediction': 'SAFETY'}
{'rr_intervals': '0.655217170715332,0.6688799858093262,0.6786389350891113,0.6913130283355713,0.704951286315918,0.7040150165557861,0.7166144847869873,0.7098274230957031,0.6620516777038574,0.6542348861694336,0.6620316505432129,0.6961941719055176,0.8043744564056396,0.6084122657775879,0.48847293853759766', 'bpm': 89.06279772153928, 'rmssd': 0.07279862611874231, 'sd': 0.06457348249411256, 'pNN': 0.06666666666666667, 'prediction': 'SAFETY'}
{'rr_intervals': '0.8570859432220459,0.8190164566040039,0.6142957210540771,0.8962185382843018,0.7527823448181152,0.7908535003662109,0.8171670436859131,0.7849690914154053,0.6824538707733154,0.6611464023590088,0.6609864234924316,0.6620006561279297,0.677649736404419,0.6912705898284912', 'bpm': 81.01932872403002, 'rmssd': 0.1147416154234806, 'sd': 0.08409140497345488, 'pNN': 0.07142857142857142, 'prediction': 'SAFETY'}
{'rr_intervals': '0.7468726634979248,0.7020068168640137,0.7390644550323486,0.7916884422302246,0.8424615859985352,0.888247013092041,0.8823702335357666,0.8180501461029053,0.80442214012146,0.8043889999389648,0.8160686492919922,0.8112215995788574,0.8180239200592041', 'bpm': 74.53496869517623, 'rmssd': 0.037408345843385794, 'sd': 0.05063635338518376, 'pNN': 0.15384615384615385, 'prediction': 'SAFETY'}
{'rr_intervals': '0.6913416385650635,0.6863865852355957,0.709820032119751,0.7546753883361816,0.8219304084777832,0.8609449863433838,0.866797685623169,0.8521754741668701,0.8238801956176758,0.773195743560791,0.7039785385131836,0.6708042621612549,0.6688785552978516,0.6698567867279053', 'bpm': 79.58565222780237, 'rmssd': 0.0388853828395047, 'sd': 0.07457713709375563, 'pNN': 0.07142857142857142, 'prediction': 'SAFETY'}
{'rr_intervals': '0.6357431411743164,0.6688535213470459,0.706913948059082,0.7156507968902588,0.7546858787536621,0.8277921676635742,0.8453376293182373,0.8531482219696045,0.8297662734985352,0.7615017890930176,0.699054479598999,0.7088837623596191,0.7020230293273926,0.7352001667022705', 'bpm': 80.42468210680521, 'rmssd': 0.04103775728003687, 'sd': 0.06631108305805455, 'pNN': 0.07142857142857142, 'prediction': 'SAFETY'}
{'rr_intervals': '0.7975888252258301,0.8043866157531738,0.7790732383728027,0.7370932102203369,0.7692854404449463,0.8395175933837891,0.8658242225646973,0.8249115943908691,0.7995357513427734,0.824913740158081,0.8014943599700928,0.7205500602722168,0.7137422561645508', 'bpm': 75.89086455571807, 'rmssd': 0.04179913615440184, 'sd': 0.04394755710944122, 'pNN': 0.07692307692307693, 'prediction': 'SAFETY'}
{'rr_intervals': '0.7741966247558594,0.7224993705749512,0.7176346778869629,0.7341811656951904,0.764397382736206,0.7868609428405762,0.7956523895263672,0.7585618495941162,0.7254505157470703,0.734250545501709,0.7283501625061035,0.7507889270782471,0.752763032913208,0.7625339031219482,0.7655313014984131', 'bpm': 79.83215525676816, 'rmssd': 0.024275900678929298, 'sd': 0.023168496331831805, 'pNN': 0.0, 'prediction': 'SAFETY'}
{'rr_intervals': '0.7283837795257568,0.749849796295166,0.7829611301422119,0.8444108963012695,0.8551135063171387,0.873680830001831,0.8824138641357422,0.7839264869689941,0.7020261287689209,0.7137436866760254,0.7361509799957275,0.7536778450012207,0.7234961986541748', 'bpm': 77.00026605404568, 'rmssd': 0.046839886058855244, 'sd': 0.06134586816427304, 'pNN': 0.07692307692307693, 'prediction': 'SAFETY'}
{'rr_intervals': '0.4475557804107666,1.1174378395080566,0.729318380355835,0.7245488166809082,0.40654873847961426,0.32570338249206543,0.707869291305542,0.7596027851104736,0.767397403717041,0.7732901573181152,0.7830240726470947,0.7303085327148438,0.7557148933410645,0.7527368068695068,0.7156708240509033', 'bpm': 85.74100665402018, 'rmssd': 0.25732140798497083, 'sd': 0.18131488377491567, 'pNN': 0.2, 'prediction': 'SAFETY'}
{'rr_intervals': '0.6571636199951172,0.6737534999847412,0.7117900848388672,0.7713358402252197,0.792733907699585,0.7868726253509521,0.7790570259094238,0.7254540920257568,0.6934175491333008,0.6901614665985107,0.7039916515350342,0.7313380241394043,0.743962287902832,0.7225453853607178', 'bpm': 82.48575083128053, 'rmssd': 0.030670818027860647, 'sd': 0.041287945203569945, 'pNN': 0.07142857142857142, 'prediction': 'SAFETY'}
{'rr_intervals': '0.7800717353820801,0.8005423545837402,0.7839710712432861,0.8053741455078125,0.812185525894165,0.8142094612121582,0.7946572303771973,0.7966306209564209,0.788783073425293,0.7898128032684326,0.7313299179077148,0.7459580898284912,0.741142988204956', 'bpm': 76.58569941128243, 'rmssd': 0.02196791323575318, 'sd': 0.026071883711099236, 'pNN': 0.0, 'prediction': 'SAFETY'}
{'rr_intervals': '0.7186064720153809,0.6874291896820068,0.7088897228240967,0.7489392757415771,0.7497332096099854,0.7196259498596191,0.7478368282318115,0.775172233581543,0.7946884632110596,0.7712674140930176,0.766371488571167,0.7732105255126953,0.7509264945983887,0.69325852394104', 'bpm': 80.7230029449379, 'rmssd': 0.029310185541075645, 'sd': 0.031620119392677386, 'pNN': 0.0, 'prediction': 'SAFETY'}
{'rr_intervals': '0.7001359462738037,0.7177062034606934,0.7030396461486816,0.6552486419677734,0.6620655059814453,0.660167932510376,0.7196269035339355,0.7361781597137451,0.7206161022186279,0.8035581111907959,0.7957930564880371,0.7547919750213623,0.7206015586853027,0.7439897060394287', 'bpm': 83.22171510391722, 'rmssd': 0.037910107387602233, 'sd': 0.043571457722966486, 'pNN': 0.14285714285714285, 'prediction': 'SAFETY'}
{'rr_intervals': '0.7507858276367188,0.718665361404419,0.7508068084716797,0.7703266143798828,0.7898044586181641,0.702092170715332,0.6523764133453369,0.625086784362793,0.6348099708557129,0.6270871162414551,0.6590867042541504,0.7069628238677979,0.783989429473877,0.8502993583679199', 'bpm': 83.81410164684999, 'rmssd': 0.04790217112493266, 'sd': 0.06751217421342284, 'pNN': 0.14285714285714285, 'prediction': 'SAFETY'}
{'rr_intervals': '0.8512942790985107,0.862950325012207,0.8512389659881592,0.8688199520111084,0.843437910079956,0.7888579368591309,0.7986087799072266,0.8102879524230957,0.8200922012329102,0.8142454624176025,0.8268859386444092,0.8278884887695312,0.8502762317657471', 'bpm': 72.1228234537519, 'rmssd': 0.02180308439025399, 'sd': 0.02396871491606157, 'pNN': 0.0, 'prediction': 'SAFETY'}
{'rr_intervals': '0.8055040836334229,0.7713644504547119,0.7099239826202393,0.6718263626098633,0.6904292106628418,0.7341902256011963,0.7557923793792725,0.7644016742706299,0.7517485618591309,0.702094316482544,0.7108218669891357,0.7410764694213867,0.7869014739990234,0.8463809490203857', 'bpm': 80.44084642890616, 'rmssd': 0.03920951746642453, 'sd': 0.04599766062713448, 'pNN': 0.07142857142857142, 'prediction': 'SAFETY'}
{'rr_intervals': '0.7928316593170166,0.7723467350006104,0.7538330554962158,0.7449784278869629,0.7157409191131592,0.6503920555114746,0.6367418766021729,0.6347968578338623,0.648435115814209,0.67669677734375,0.707909107208252,0.724501371383667,0.674757719039917,0.6601593494415283,0.665959358215332', 'bpm': 86.04140378048272, 'rmssd': 0.029235948713241873, 'sd': 0.0495825333739139, 'pNN': 0.0, 'prediction': 'SAFETY'}
{'rr_intervals': '0.7128262519836426,0.755690336227417,0.7878670692443848,0.7683842182159424,0.779085636138916,0.7147269248962402,0.6796295642852783,0.6601557731628418,0.6825664043426514,0.7196245193481445,0.7576806545257568,0.796673059463501,0.7947542667388916,0.7694506645202637', 'bpm': 80.9317530668859, 'rmssd': 0.03489035452516167, 'sd': 0.04419527746475034, 'pNN': 0.0, 'prediction': 'SAFETY'}
{'rr_intervals': '0.6952259540557861,0.7020816802978516,0.7196381092071533,0.7449641227722168,0.7508578300476074,0.7215616703033447,0.6972284317016602,0.6893820762634277,0.7069933414459229,0.7293775081634521,0.7244980335235596,0.7069728374481201,0.7147514820098877,0.715735673904419', 'bpm': 83.83845376979778, 'rmssd': 0.017670441404796303, 'sd': 0.017316665393848765, 'pNN': 0.0, 'prediction': 'SAFETY'}
{'rr_intervals': '0.822049617767334,0.7547092437744141,0.764512300491333,0.7674009799957275,0.7518041133880615,0.7020895481109619,0.6630632877349854,0.6435754299163818,0.6241025924682617,0.6347908973693848,0.6582005023956299,0.7274520397186279,0.7567965984344482,0.7480032444000244,0.7411196231842041', 'bpm': 83.64568786944241, 'rmssd': 0.035169723584583396, 'sd': 0.05719512489498259, 'pNN': 0.06666666666666667, 'prediction': 'SAFETY'}
{'rr_intervals': '0.6699416637420654,0.6611835956573486,0.6514217853546143,0.659153938293457,0.6153335571289062,0.6270549297332764,0.6153569221496582,0.6241686344146729,0.6290113925933838,0.6367485523223877,0.6396420001983643,0.6494643688201904,0.659207820892334,0.6572229862213135,0.654329776763916,0.64650559425354', 'bpm': 93.2423797564324, 'rmssd': 0.014294151538590542, 'sd': 0.016614233890178666, 'pNN': 0.0, 'prediction': 'SAFETY'}
{'rr_intervals': '0.6386878490447998,0.6367852687835693,0.6279587745666504,0.6193568706512451,0.611238956451416,0.6104133129119873,0.6445648670196533,0.7829926013946533,0.8659331798553467,0.8961291313171387,0.9126920700073242,0.9049162864685059,0.8902525901794434,0.8064055442810059', 'bpm': 80.39564378541439, 'rmssd': 0.054712695019592465, 'sd': 0.12422256918456638, 'pNN': 0.14285714285714285, 'prediction': 'SAFETY'}
{'rr_intervals': '0.7810204029083252,0.7712814807891846,0.757617712020874,0.7440195083618164,0.697188138961792,0.7264413833618164,0.7332701683044434,0.7732219696044922,0.7635130882263184,0.6922931671142578,0.7264463901519775,0.7332706451416016,0.78397536277771,0.8113059997558594,0.7869713306427002', 'bpm': 79.77424422044777, 'rmssd': 0.03447164430297092, 'sd': 0.03289538478091842, 'pNN': 0.06666666666666667, 'prediction': 'SAFETY'}
{'rr_intervals': '0.7548508644104004,0.7323422431945801,0.7314286231994629,0.7196238040924072,0.7411222457885742,0.7507898807525635,0.754793643951416,0.7225911617279053,0.6913478374481201,0.6348304748535156,0.616264820098877,0.6182501316070557,0.6202034950256348,0.6270573139190674,0.6240942478179932', 'bpm': 87.04406378000132, 'rmssd': 0.02292807388115247, 'sd': 0.055953425036877565, 'pNN': 0.0, 'prediction': 'SAFETY'}
{'rr_intervals': '0.7528002262115479,0.7664456367492676,0.8113532066345215,0.8718209266662598,0.8533196449279785,0.7732698917388916,0.730384349822998,0.7382171154022217,0.748913049697876,0.7382562160491943,0.680692195892334,0.667022705078125,0.6767563819885254,0.7294101715087891,0.8239820003509521', 'bpm': 79.20691894240136, 'rmssd': 0.048078024644572816, 'sd': 0.05936710666356366, 'pNN': 0.2, 'prediction': 'SAFETY'}
{'rr_intervals': '0.9312381744384766,0.9107801914215088,0.8932735919952393,0.8298759460449219,0.7021405696868896,0.6786978244781494,0.6670024394989014,0.6903929710388184,0.7235927581787109,0.6991846561431885,0.725459098815918,0.7840292453765869,0.8415906429290771', 'bpm': 77.40200672466545, 'rmssd': 0.05345020068133616, 'sd': 0.09140421135726998, 'pNN': 0.15384615384615385, 'prediction': 'SAFETY'}
{'rr_intervals': '0.8805766105651855,0.8269529342651367,0.6942567825317383,0.6884851455688477,0.7001478672027588,0.7274277210235596,0.7753064632415771,0.7801296710968018,0.8005838394165039,0.7860138416290283,0.7449455261230469,0.7333700656890869,0.7489528656005859,0.7528886795043945', 'bpm': 78.94708636731468, 'rmssd': 0.04692413724380676, 'sd': 0.051528667902046243, 'pNN': 0.0, 'prediction': 'SAFETY'}
{'rr_intervals': '0.6805717945098877,0.6826417446136475,0.7187337875366211,0.7195534706115723,0.7450003623962402,0.7606070041656494,0.780113697052002,0.7421319484710693,0.32081007957458496,1.0034382343292236,0.6573140621185303,0.6738865375518799,0.6777219772338867,0.6533541679382324,0.6757628917694092', 'bpm': 85.78257060227176, 'rmssd': 0.24316856831826603, 'sd': 0.1308745680286501, 'pNN': 0.06666666666666667, 'prediction': 'SAFETY'}
{'rr_intervals': '0.7323217391967773,0.7644827365875244,0.7469668388366699,0.7226064205169678,0.6709411144256592,0.6299865245819092,0.6231374740600586,0.6426780223846436,0.6875395774841309,0.7266039848327637,0.6719057559967041,0.6602065563201904,0.666067361831665,0.7323262691497803,0.7957408428192139', 'bpm': 85.93106754544654, 'rmssd': 0.04097207845198096, 'sd': 0.049940896619686696, 'pNN': 0.13333333333333333, 'prediction': 'SAFETY'}
{'rr_intervals': '0.8796522617340088,0.825953483581543,0.7840962409973145,0.7743077278137207,0.7635500431060791,0.7655172348022461,0.7704267501831055,0.7626378536224365,0.7226316928863525,0.7470121383666992,0.74507737159729,0.7557692527770996,0.7723522186279297', 'bpm': 77.46560914952912, 'rmssd': 0.026152913651690878, 'sd': 0.03805007645431302, 'pNN': 0.0, 'prediction': 'SAFETY'}
{'rr_intervals': '0.8006725311279297,0.783189058303833,0.7312743663787842,0.7216160297393799,0.7382376194000244,0.7578351497650146,0.7451112270355225,0.7547743320465088,0.7557590007781982,0.7401690483093262,0.7596778869628906,0.7625820636749268,0.8025522232055664,0.8239789009094238', 'bpm': 78.67062057455963, 'rmssd': 0.023628136762563538, 'sd': 0.02858533038351569, 'pNN': 0.0, 'prediction': 'SAFETY'}
{'rr_intervals': '0.80448317527771,0.7801260948181152,0.722618818283081,0.7421157360076904,0.6738057136535645,0.717719554901123,0.7216019630432129,0.7479631900787354,0.7771692276000977,0.7576775550842285,0.7820930480957031,0.7957165241241455,0.7674977779388428,0.7791223526000977,0.7235198020935059', 'bpm': 79.69375966622671, 'rmssd': 0.03681853769409464, 'sd': 0.034635291161174246, 'pNN': 0.0, 'prediction': 'SAFETY'}
{'rr_intervals': '0.7050235271453857,0.7147505283355713,0.7225847244262695,0.749891996383667,0.7830049991607666,0.7469356060028076,0.5850620269775391,0.7684080600738525,0.676732063293457,0.7001481056213379,0.7420918941497803,0.7644703388214111,0.7703559398651123,0.7528054714202881', 'bpm': 82.4963774526245, 'rmssd': 0.07888467671486181, 'sd': 0.04927734822322591, 'pNN': 0.07142857142857142, 'prediction': 'SAFETY'}
{'rr_intervals': '0.6883995532989502,0.7284078598022461,0.7264449596405029,0.7518084049224854,0.703150749206543,0.7233850955963135,0.779090404510498,0.8132359981536865,0.7654650211334229,0.7469346523284912,0.7615780830383301,0.7742245197296143,0.7966523170471191,0.7898259162902832', 'bpm': 79.63139359981737, 'rmssd': 0.03271496884736341, 'sd': 0.034980038452589596, 'pNN': 0.07142857142857142, 'prediction': 'SAFETY'}
{'rr_intervals': '0.30129432678222656,0.7839972972869873,0.7595987319946289,0.7401230335235596,0.7527823448181152,0.8064892292022705,0.8162093162536621,0.8278849124908447,0.7235538959503174,0.6972496509552002,0.7030973434448242,0.7127666473388672,0.7274694442749023,0.6796629428863525,0.6611416339874268', 'bpm': 84.16468755973942, 'rmssd': 0.13917379167079716, 'sd': 0.1200250687625568, 'pNN': 0.13333333333333333, 'prediction': 'SAFETY'}
{'rr_intervals': '0.6963191032409668,0.7215938568115234,0.7216446399688721,0.7782347202301025,0.7927320003509521,0.7635400295257568,0.773277759552002,0.781104326248169,0.7713451385498047,0.7323150634765625,0.7303869724273682,0.7264750003814697,0.7518115043640137,0.7636523246765137,0.744896411895752', 'bpm': 80.00477289487412, 'rmssd': 0.024543855637073533, 'sd': 0.0267464831929126, 'pNN': 0.06666666666666667, 'prediction': 'SAFETY'}
{'rr_intervals': '0.6845521926879883,0.6679584980010986,0.6835367679595947,0.7274796962738037,0.7781510353088379,0.8132548332214355,0.8093888759613037,0.708920955657959,0.6933109760284424,0.6855201721191406,0.6923487186431885,0.7245526313781738,0.46024012565612793,1.0238850116729736', 'bpm': 82.73334837768716, 'rmssd': 0.18378029712967686, 'sd': 0.11577921869661813, 'pNN': 0.14285714285714285, 'prediction': 'SAFETY'}
{'rr_intervals': '0.8387601375579834,0.8377695083618164,0.8084464073181152,0.774296760559082,0.7927794456481934,0.7703676223754883,0.7664718627929688,0.6669967174530029,0.657254695892334,0.6825909614562988,0.6455464363098145,0.6562440395355225,0.6669900417327881,0.6952927112579346', 'bpm': 81.87288235418646, 'rmssd': 0.036425141830912694, 'sd': 0.06948946269275195, 'pNN': 0.0, 'prediction': 'SAFETY'}
{'rr_intervals': '0.7664899826049805,0.7956922054290771,0.793757438659668,0.7264499664306641,0.6786763668060303,0.6640827655792236,0.6845455169677734,0.6953084468841553,0.709876537322998,0.7011821269989014,0.6992111206054688,0.6875524520874023,0.6796889305114746,0.6923177242279053,0.7342760562896729', 'bpm': 84.04061575181368, 'rmssd': 0.028857898945672904, 'sd': 0.040049482702155415, 'pNN': 0.0, 'prediction': 'SAFETY'}
{'rr_intervals': '0.8191835880279541,0.8249895572662354,0.8171544075012207,0.6992249488830566,0.6894731521606445,0.6651701927185059,0.6874711513519287,0.714808464050293,0.7099699974060059,0.6923439502716064,0.7079761028289795,0.7079253196716309,0.702073335647583,0.6523497104644775', 'bpm': 83.24980373221288, 'rmssd': 0.039809953264473, 'sd': 0.05464201530318725, 'pNN': 0.0, 'prediction': 'SAFETY'}
{'rr_intervals': '0.6211340427398682,0.627025842666626,0.662132740020752,0.6894152164459229,0.7294213771820068,0.7635822296142578,0.772254467010498,0.7859439849853516,0.6874363422393799,0.6826057434082031,0.6952598094940186,0.7342538833618164,0.7498822212219238,0.7878818511962891,0.7674291133880615,0.7244935035705566', 'bpm': 83.62258349726297, 'rmssd': 0.038171941690703697, 'sd': 0.05166924244873374, 'pNN': 0.0, 'prediction': 'SAFETY'}
{'rr_intervals': '0.6582064628601074,0.630866527557373,0.64158034324646,0.6582293510437012,0.6942324638366699,0.7352266311645508,0.7596230506896973,0.7283797264099121,0.6757311820983887,0.6933183670043945,0.693303108215332,0.6835341453552246,0.7332603931427002,0.7917797565460205,0.8191008567810059,0.8239588737487793', 'bpm': 84.06060908835701, 'rmssd': 0.03330743532530599, 'sd': 0.05826359695456927, 'pNN': 0.0625, 'prediction': 'SAFETY'}
{'rr_intervals': '0.7557482719421387,0.768378734588623,0.8112213611602783,0.8229920864105225,0.7869055271148682,0.6805837154388428,0.675727128982544,0.6533126831054688,0.6338098049163818,0.6328024864196777,0.6933126449584961,0.5772757530212402,1.0270707607269287,0.843189001083374', 'bpm': 81.06285007841885, 'rmssd': 0.14969457723384302, 'sd': 0.11176295179385871, 'pNN': 0.14285714285714285, 'prediction': 'SAFETY'}
{'rr_intervals': '0.8083033561706543,0.7059416770935059,0.6805927753448486,0.6698458194732666,0.6835317611694336,0.7177209854125977,0.7420535087585449,0.7567472457885742,0.6882662773132324,0.6708295345306396,0.6552653312683105,0.7098186016082764,0.7771687507629395,0.8609366416931152', 'bpm': 82.94639607814425, 'rmssd': 0.05257157960883716, 'sd': 0.05727615050148453, 'pNN': 0.21428571428571427, 'prediction': 'SAFETY'}
{'rr_intervals': '0.7800612449645996,0.8122711181640625,0.8336730003356934,0.8220126628875732,0.7634947299957275,0.7644379138946533,0.7859601974487305,0.5304355621337891,1.0064020156860352,0.6777510643005371,0.6367321014404297,0.6250615119934082,0.6269588470458984,0.6552917957305908,0.7137665748596191,0.7235438823699951,0.702131986618042,0.6368262767791748,0.642704963684082,0.642585277557373,0.6591794490814209,0.679675817489624,0.6952817440032959,0.7176563739776611,0.6630909442901611,0.6943085193634033,0.723552942276001,0.8122813701629639,0.8562328815460205,0.8492891788482666,0.8327610492706299,0.8152356147766113,0.7869367599487305,0.7597286701202393,0.6572771072387695,0.6094844341278076,0.586076021194458,0.5821080207824707,0.5880022048950195,0.6123759746551514,0.6796443462371826,0.7859807014465332', 'bpm': 83.92093849331685, 'rmssd': 0.1077372393188735, 'sd': 0.09511466375365542, 'pNN': 0.11904761904761904, 'prediction': 'SAFETY'}
{'rr_intervals': '0.6494815349578857,0.6367895603179932,0.641700029373169,0.6377708911895752,0.6397325992584229,0.67091965675354,0.7245142459869385,0.760728120803833,0.7158317565917969,0.7723739147186279,0.7743442058563232,0.7948989868164062,0.7177915573120117,0.6875264644622803,0.7001996040344238,0.7118828296661377,0.7274513244628906,0.7080283164978027,0.7459816932678223,0.7733197212219238,0.8103330135345459,0.7840447425842285,0.7996547222137451,0.824005126953125,0.842599630355835,0.7957313060760498,0.8415491580963135,0.8551955223083496,0.866879940032959,0.7996482849121094,0.8044888973236084,0.8084168434143066,0.39785194396972656,0.36667656898498535,0.7031111717224121,0.7323932647705078,0.7820427417755127,0.8707985877990723,0.8825047016143799,0.8445432186126709,0.8455095291137695', 'bpm': 80.79017804506864, 'rmssd': 0.09183178602684319, 'sd': 0.1070956740004218, 'pNN': 0.0975609756097561, 'prediction': 'SAFETY'}
{'rr_intervals': '0.7500195503234863,0.7470643520355225,0.7304670810699463,0.7089486122131348,0.6787137985229492,0.6825878620147705,0.74208664894104,0.8600866794586182,0.7967145442962646,0.7323341369628906,0.7898280620574951,0.8397111892700195,0.875725507736206,0.7557892799377441,0.798818826675415', 'bpm': 78.3365076764151, 'rmssd': 0.062405945358609556, 'sd': 0.05798323297046958, 'pNN': 0.2, 'prediction': 'SAFETY'}
{'rr_intervals': '0.8416180610656738,0.7743268013000488,0.7733349800109863,0.7802178859710693,0.7850418090820312,0.7382063865661621,0.7733461856842041,0.8211386203765869,0.8591475486755371,0.8523502349853516,0.8251364231109619,0.81134033203125,0.7997143268585205,0.7460823059082031', 'bpm': 75.12743557245963, 'rmssd': 0.03622336324139389, 'sd': 0.036423930514400134, 'pNN': 0.0, 'prediction': 'SAFETY'}
{'rr_intervals': '0.8474583625793457,0.8796250820159912,0.8572847843170166,0.8142917156219482,0.8445475101470947,0.6446120738983154,1.083449125289917,0.845538854598999,0.8454916477203369,0.8553171157836914,0.8299415111541748,0.82415771484375', 'bpm': 70.78452008844049, 'rmssd': 0.17152986699180978, 'sd': 0.09128557603052034, 'pNN': 0.08333333333333333, 'prediction': 'SAFETY'}
{'rr_intervals': '1.0571401119232178,0.7080237865447998,0.7294538021087646,0.741124153137207,0.7947578430175781,0.7782342433929443,0.7792050838470459,0.8269906044006348,0.8464789390563965,0.8113136291503906,0.820171594619751,0.82110595703125,0.8006939888000488', 'bpm': 74.18190386782659, 'rmssd': 0.10872150873899475, 'sd': 0.08171958237220987, 'pNN': 0.07692307692307693, 'prediction': 'SAFETY'}
{'rr_intervals': '0.7411513328552246,0.7733559608459473,0.7986874580383301,0.7422008514404297,0.7626638412475586,0.7860817909240723,0.7900247573852539,0.7246620655059814,0.7821695804595947,0.7791564464569092,0.8075113296508789,0.7295527458190918,0.7588315010070801,0.7616817951202393,0.7519047260284424', 'bpm': 78.33146199602677, 'rmssd': 0.040461963658826615, 'sd': 0.02416843715710483, 'pNN': 0.06666666666666667, 'prediction': 'SAFETY'}
{'rr_intervals': '0.7129049301147461,0.7266139984130859,0.7363512516021729,0.743098258972168,0.7118709087371826,0.7606558799743652,0.786980390548706,0.8503565788269043,0.8757433891296387,0.8113689422607422,0.7587223052978516,0.708991527557373,0.7139098644256592,0.7666051387786865,0.7216675281524658,0.7050542831420898,0.7401695251464844,0.781102180480957,0.8142476081848145,0.8006894588470459,0.7597846984863281,0.7889199256896973,0.8064830303192139,0.7976760864257812,0.7889175415039062,0.8454771041870117,0.8698480129241943,0.8766727447509766,0.8630349636077881,0.8815491199493408,0.9000599384307861,0.7928190231323242,0.8074367046356201,0.8366878032684326,0.8679101467132568,0.863008975982666,0.8493666648864746,0.7167372703552246', 'bpm': 75.64825150693713, 'rmssd': 0.04306159250980882, 'sd': 0.05825095901347285, 'pNN': 0.07894736842105263, 'prediction': 'SAFETY'}
{'rr_intervals': '0.7012038230895996,0.7255439758300781,0.7479128837585449,0.725456953048706,0.7196886539459229,0.7420060634613037,0.7323484420776367,0.7362639904022217,0.7430675029754639,0.3266134262084961,0.36565566062927246,0.6465318202972412,0.6358652114868164,0.622081995010376,0.6065738201141357,0.6270520687103271', 'bpm': 92.27338886757923, 'rmssd': 0.13551400450679882, 'sd': 0.12466170622051768, 'pNN': 0.0625, 'prediction': 'SAFETY'}
{'rr_intervals': '0.35009145736694336,0.3344075679779053,0.7988934516906738,0.8812799453735352,0.899078369140625,0.9049012660980225,0.8543171882629395,0.8484101295471191,0.8620254993438721,0.8697848320007324,0.8455655574798584,0.8386292457580566,0.8483927249908447', 'bpm': 76.95512459608673, 'rmssd': 0.14355885202121912, 'sd': 0.18834776702578962, 'pNN': 0.15384615384615385, 'prediction': 'SAFETY'}
{'rr_intervals': '0.8425374031066895,0.8406319618225098,0.8611016273498535,0.8601000308990479,0.7976889610290527,0.8094382286071777,0.8639962673187256,0.8581445217132568,0.8835389614105225,0.9137482643127441,0.8210885524749756,0.8230462074279785', 'bpm': 70.76124662903338, 'rmssd': 0.04196997106802705, 'sd': 0.031240852546216835, 'pNN': 0.08333333333333333, 'prediction': 'SAFETY'}
{'rr_intervals': '0.8611207008361816,0.835766077041626,0.7168576717376709,0.7294845581054688,0.7596673965454102,0.7684774398803711,0.768470048904419,0.726548433303833,0.7294790744781494,0.7314345836639404,0.7450096607208252,0.7372374534606934,0.7080204486846924,0.7168054580688477', 'bpm': 79.73891954778236, 'rmssd': 0.03966049558724164, 'sd': 0.04332784270636775, 'pNN': 0.0, 'prediction': 'SAFETY'}
{'rr_intervals': '0.4135138988494873,0.7440526485443115,0.746027946472168,0.7509250640869141,0.4505789279937744,0.31790757179260254,0.7870161533355713,0.7391471862792969,0.7451043128967285,0.7635452747344971,0.814307451248169,0.8084185123443604,0.8405857086181641,0.8621668815612793,0.8621485233306885', 'bpm': 84.5431929062325, 'rmssd': 0.18479407428787836, 'sd': 0.1648987792494911, 'pNN': 0.2, 'prediction': 'SAFETY'}
{'rr_intervals': '0.8523211479187012,0.8181934356689453,0.7976903915405273,0.7450814247131348,0.5500092506408691,0.916656494140625,0.7177741527557373,0.7606234550476074,0.8015828132629395,0.84255051612854,0.8211050033569336,0.8240015506744385,0.8454837799072266', 'bpm': 75.77911557552937, 'rmssd': 0.14222651252592883, 'sd': 0.08527306357643619, 'pNN': 0.07692307692307693, 'prediction': 'SAFETY'}
{'rr_intervals': '0.7860159873962402,0.7957444190979004,0.79868483543396,0.7576587200164795,0.7634828090667725,0.7966969013214111,0.8230397701263428,0.7977118492126465,0.7869923114776611,0.8074061870574951,0.8181591033935547,0.8113512992858887,0.7567169666290283,0.7538371086120605', 'bpm': 75.9940409473917, 'rmssd': 0.02573225428831017, 'sd': 0.022428767523781753, 'pNN': 0.0, 'prediction': 'SAFETY'}
{'rr_intervals': '0.8201146125793457,0.8347656726837158,0.7830615043640137,0.8035635948181152,0.7967045307159424,0.7714254856109619,0.7587618827819824,0.7654268741607666,0.7753067016601562,0.716794490814209,0.7196881771087646,0.7499637603759766,0.7948207855224609', 'bpm': 77.30121193850121, 'rmssd': 0.031126724855165093, 'sd': 0.0337138719851592, 'pNN': 0.0, 'prediction': 'SAFETY'}
{'rr_intervals': '0.8396315574645996,0.8016538619995117,0.7918834686279297,0.7957756519317627,0.7958002090454102,0.7313833236694336,0.7421438694000244,0.7645618915557861,0.7528641223907471,0.7128627300262451,0.7441129684448242,0.8007946014404297,0.8181815147399902', 'bpm': 77.29162403770773, 'rmssd': 0.03377660121448426, 'sd': 0.03609987743015358, 'pNN': 0.07692307692307693, 'prediction': 'SAFETY'}
{'rr_intervals': '0.7821505069732666,0.8045206069946289,0.8211634159088135,0.7558085918426514,0.7373068332672119,0.7353227138519287,0.7343664169311523,0.6973187923431396,0.6778585910797119,0.6612279415130615,0.6504676342010498,0.6543922424316406,0.6377570629119873,0.6602475643157959,0.7079732418060303', 'bpm': 83.97181335539555, 'rmssd': 0.02857528131401179, 'sd': 0.05667237761291287, 'pNN': 0.0, 'prediction': 'SAFETY'}
{'rr_intervals': '0.785057783126831,0.8572351932525635,0.8456177711486816,0.7850613594055176,0.6962871551513672,0.6962680816650391,0.7157802581787109,0.7597458362579346,0.8132922649383545,0.8181517124176025,0.8601489067077637,0.8825383186340332,0.8133125305175781', 'bpm': 75.51921514387399, 'rmssd': 0.05148192349493962, 'sd': 0.05997043197323665, 'pNN': 0.15384615384615385, 'prediction': 'SAFETY'}
{'rr_intervals': '0.8766798973083496,0.8318464756011963,0.8250184059143066,0.8240032196044922,0.8397009372711182,0.8347511291503906,0.8153064250946045,0.7597076892852783,0.6699888706207275,0.6465730667114258,0.6338543891906738,0.6514585018157959,0.6865131855010986,0.7791965007781982', 'bpm': 78.69148284554595, 'rmssd': 0.045356355062031395, 'sd': 0.0829990248091152, 'pNN': 0.07142857142857142, 'prediction': 'SAFETY'}
{'rr_intervals': '0.77634596824646,0.7324070930480957,0.8416469097137451,0.8952138423919678,0.8737492561340332,0.9323558807373047,0.9206106662750244,0.9010598659515381,0.8269515037536621,0.8220963478088379,0.8035585880279541,0.8210995197296143,0.7646222114562988', 'bpm': 71.48278802521315, 'rmssd': 0.05266158544847515, 'sd': 0.05976035526728059, 'pNN': 0.23076923076923078, 'prediction': 'SAFETY'}
{'rr_intervals': '0.8153033256530762,0.8397727012634277,0.7763242721557617,0.7822251319885254,0.7791986465454102,0.7928409576416016,0.841620683670044,0.8786308765411377,0.8680055141448975,0.7264947891235352,0.7285616397857666,0.7636563777923584,0.8162708282470703,0.8367965221405029', 'bpm': 74.6952017828059, 'rmssd': 0.052573315946794395, 'sd': 0.045523294833144455, 'pNN': 0.07142857142857142, 'prediction': 'SAFETY'}
{'rr_intervals': '0.6885619163513184,0.6826221942901611,0.710986852645874,0.756739616394043,0.7938377857208252,0.8065774440765381,0.7859706878662109,0.6738975048065186,0.6582732200622559,0.6417462825775146,0.653439998626709,0.670907735824585,0.69437575340271,0.7187714576721191,0.7421081066131592', 'bpm': 84.27900181653564, 'rmssd': 0.039327402417056706, 'sd': 0.05175822571086476, 'pNN': 0.0, 'prediction': 'SAFETY'}
{'rr_intervals': '0.7225861549377441,0.722714900970459,0.6924300193786621,0.6457068920135498,0.6573333740234375,0.6758038997650146,0.7031807899475098,0.7246499061584473,0.7812411785125732,0.8376891613006592,0.8367331027984619,0.8357586860656738,0.8240745067596436,0.799659013748169', 'bpm': 80.30929337361637, 'rmssd': 0.031504550570468845, 'sd': 0.06760864814471569, 'pNN': 0.14285714285714285, 'prediction': 'SAFETY'}
{'rr_intervals': '0.6758477687835693,0.6523916721343994,0.6231727600097656,0.6289849281311035,0.6426656246185303,0.6679868698120117,0.6543881893157959,0.6309385299682617,0.6504700183868408,0.689460039138794,0.7002184391021729,0.6729130744934082,0.6806833744049072,0.6894850730895996,0.7148058414459229,0.7362818717956543', 'bpm': 89.63004575715108, 'rmssd': 0.022367207594052856, 'sd': 0.030934423940853988, 'pNN': 0.0, 'prediction': 'SAFETY'}
{'rr_intervals': '0.7372493743896484,0.7197093963623047,0.6670231819152832,0.6582808494567871,0.6533646583557129,0.6397783756256104,0.6631369590759277,0.6914045810699463,0.777245044708252,0.8260271549224854,0.7264804840087891,0.7441043853759766,0.7538340091705322,0.8113515377044678', 'bpm': 83.42445475222166, 'rmssd': 0.04837760072076014, 'sd': 0.057609063748832894, 'pNN': 0.14285714285714285, 'prediction': 'SAFETY'}
{'rr_intervals': '0.7207260131835938,0.7157711982727051,0.698267936706543,0.6963052749633789,0.6865777969360352,0.6758430004119873,0.6660151481628418,0.6505091190338135,0.6563088893890381,0.642643928527832,0.6426992416381836,0.6377773284912109,0.6036708354949951,0.6144251823425293,0.6183338165283203,0.6182734966278076', 'bpm': 91.04576122981737, 'rmssd': 0.013148700050151835, 'sd': 0.03578036177144442, 'pNN': 0.0, 'prediction': 'SAFETY'}
{'rr_intervals': '0.6173408031463623,0.6406946182250977,0.696319580078125,0.757777214050293,0.7656328678131104,0.6836297512054443,0.6348574161529541,0.6397056579589844,0.6465296745300293,0.6767551898956299,0.7255921363830566,0.745013952255249,0.7567617893218994,0.7528400421142578,0.7343742847442627', 'bpm': 85.92849335378325, 'rmssd': 0.040020980656547994, 'sd': 0.05124226276790783, 'pNN': 0.13333333333333333, 'prediction': 'SAFETY'}
{'rr_intervals': '0.6407523155212402,0.6329619884490967,0.6475265026092529,0.6777856349945068,0.7313902378082275,0.7713634967803955,0.8240313529968262,0.836740255355835,0.8552370071411133,0.759652853012085,0.7645771503448486,0.8152244091033936,0.8688743114471436,0.8873810768127441', 'bpm': 78.40576005654306, 'rmssd': 0.0446129930359743, 'sd': 0.08474308757340783, 'pNN': 0.2857142857142857, 'prediction': 'SAFETY'}
{'rr_intervals': '0.859459638595581,0.8650603294372559,0.8806018829345703,0.7441768646240234,0.719794511795044,0.7264358997344971,0.7625975608825684,0.804537296295166,0.8289003372192383,0.8055901527404785,0.7636685371398926,0.7265925407409668,0.7050244808197021,0.6660704612731934', 'bpm': 77.35867644518933, 'rmssd': 0.049025060109930914, 'sd': 0.06372274720612965, 'pNN': 0.0, 'prediction': 'SAFETY'}
{'rr_intervals': '0.6449360847473145,0.6618576049804688,0.7226512432098389,0.8191273212432861,0.8601112365722656,0.8942570686340332,0.8933022022247314,0.8757507801055908,0.8504855632781982,1.3352062702178955,0.6358397006988525,0.616309642791748,0.6543886661529541', 'bpm': 74.53969313468033, 'rmssd': 0.2598919268290913, 'sd': 0.18542855484316503, 'pNN': 0.23076923076923078, 'prediction': 'SAFETY'}
{'rr_intervals': '0.8238365650177002,0.849360466003418,0.8415219783782959,0.8630044460296631,0.909787654876709,0.9410262107849121,0.9156472682952881,0.8269248008728027,0.5060651302337646,0.982001543045044,0.7323307991027832,0.739194393157959,0.7245907783508301,0.7196717262268066,0.7216513156890869,0.7518734931945801,0.7821230888366699,0.754788875579834,0.7587172985076904,0.7616491317749023,0.7724006175994873,0.7343664169311523,0.7440786361694336,0.7675137519836426,0.7762594223022461,0.741185188293457,0.7519457340240479,0.7421481609344482,0.7352852821350098,0.6982371807098389,0.7138931751251221,0.7225935459136963,0.7606301307678223,0.7528135776519775,0.7636022567749023,0.7762579917907715,0.7616970539093018,0.7090251445770264,0.7197897434234619,0.707874059677124', 'bpm': 78.030093778389, 'rmssd': 0.10488564994527338, 'sd': 0.07862522157502842, 'pNN': 0.025, 'prediction': 'SAFETY'}
{'rr_intervals': '0.7109341621398926,0.7010767459869385,0.7187364101409912,0.6923301219940186,0.6699671745300293,0.681581974029541,0.7313640117645264,0.8094449043273926,0.8376624584197998,0.793769121170044,0.8162331581115723,0.8015964031219482,0.7821352481842041,0.7538297176361084', 'bpm': 79.99495946764895, 'rmssd': 0.035282041080219075, 'sd': 0.05404158436453855, 'pNN': 0.07142857142857142, 'prediction': 'SAFETY'}
{'rr_intervals': '0.6923916339874268,0.6563282012939453,0.6563091278076172,0.6709721088409424,0.7060110569000244,0.6728975772857666,0.7333881855010986,0.8015701770782471,0.8688971996307373,0.9001154899597168,0.8542706966400146,0.8835375308990479,0.8230869770050049,0.7450368404388428,0.7753019332885742', 'bpm': 78.67053965149847, 'rmssd': 0.04904909160405034, 'sd': 0.08442139167936451, 'pNN': 0.2, 'prediction': 'SAFETY'}
{'rr_intervals': '0.8036880493164062,0.8173391819000244,0.7821900844573975,0.7334775924682617,0.687624454498291,0.6905505657196045,0.7032678127288818,0.6642467975616455,0.6290974617004395,0.6008434295654297,0.6164767742156982,0.607658863067627,0.6135282516479492,0.6437513828277588,0.7003185749053955,0.7773430347442627,0.8076255321502686,0.814460277557373,0.8213071823120117,0.7949182987213135,0.7695975303649902,0.7110903263092041,0.7081928253173828,0.6788592338562012,0.6661853790283203,0.6457138061523438,0.6223101615905762,0.6212785243988037,0.6417534351348877,0.6895589828491211,0.7890946865081787,0.8855788707733154,0.9051337242126465,0.9265916347503662,0.9304478168487549,0.9128720760345459,0.8524889945983887,0.8202741146087646,0.7802841663360596,0.7538895606994629', 'bpm': 81.02384580235888, 'rmssd': 0.039021829706158216, 'sd': 0.09620733871765468, 'pNN': 0.1, 'prediction': 'SAFETY'}
{'rr_intervals': '0.7705361843109131,0.7051782608032227,0.6592998504638672,0.62227463722229,0.6242954730987549,0.6368355751037598,0.6484971046447754,0.6856226921081543,0.7364029884338379,0.7888679504394531,0.818342924118042,0.8387031555175781,0.8289201259613037,0.8407723903656006,0.8474764823913574', 'bpm': 81.43303469383476, 'rmssd': 0.03542993528471622, 'sd': 0.08391164374642253, 'pNN': 0.13333333333333333, 'prediction': 'SAFETY'}
{'rr_intervals': '0.8192000389099121,0.8279664516448975,0.7919714450836182,0.7577176094055176,0.772310733795166,0.6748836040496826,1.04842209815979,0.843604564666748,0.88442063331604,0.9100134372711182,0.9165956974029541,0.8757731914520264', 'bpm': 71.12600714383389, 'rmssd': 0.14062816057290503, 'sd': 0.09074739599962056, 'pNN': 0.08333333333333333, 'prediction': 'SAFETY'}
{'rr_intervals': '0.8826494216918945,0.8425977230072021,0.7840538024902344,0.8007256984710693,0.827052116394043,0.8328883647918701,0.7821757793426514,0.8163022994995117,0.8221428394317627,0.8289580345153809,0.7772705554962158,0.8075015544891357,0.8397316932678223', 'bpm': 73.28037810626157, 'rmssd': 0.036279042927998655, 'sd': 0.028005557975862967, 'pNN': 0.0, 'prediction': 'SAFETY'}
{'rr_intervals': '0.7509622573852539,0.7236576080322266,0.7392632961273193,0.7792012691497803,0.826033353805542,0.8075251579284668,0.8172414302825928,0.8445498943328857,0.8133411407470703,0.7236416339874268,0.7187304496765137,0.7226066589355469,0.7499415874481201,0.7675220966339111', 'bpm': 77.89160168064016, 'rmssd': 0.03660086958701535, 'sd': 0.042414815720582845, 'pNN': 0.0, 'prediction': 'SAFETY'}
{'rr_intervals': '0.6738870143890381,0.6787571907043457,0.6855628490447998,0.7138524055480957,0.7343201637268066,0.7450370788574219,0.708953857421875,0.6757864952087402,0.7080228328704834,0.7255299091339111,0.7294487953186035,0.7294485569000244,0.6904644966125488,0.6288881301879883,0.6212306022644043', 'bpm': 86.13107498534981, 'rmssd': 0.0284703208982427, 'sd': 0.035624961383509714, 'pNN': 0.0, 'prediction': 'SAFETY'}
{'rr_intervals': '0.6143465042114258,0.6465663909912109,0.6631152629852295,0.7098991870880127,0.6719214916229248,0.6699349880218506,0.6884634494781494,0.7626042366027832,0.8230454921722412,0.8737750053405762,0.8552083969116211,0.7957391738891602,0.7011773586273193,0.6914300918579102', 'bpm': 82.6183970848627, 'rmssd': 0.049943314536976244, 'sd': 0.0785723966818273, 'pNN': 0.21428571428571427, 'prediction': 'SAFETY'}
{'rr_intervals': '0.7392518520355225,0.7518885135650635,0.7177531719207764,0.6982381343841553,0.7060220241546631,0.7635619640350342,0.8064830303192139,0.8562352657318115,0.857215404510498,0.8231077194213867,0.7498905658721924,0.7411212921142578,0.7509317398071289,0.7743425369262695,0.7821059226989746', 'bpm': 78.13755398166188, 'rmssd': 0.03584282675724999, 'sd': 0.04773666422322289, 'pNN': 0.06666666666666667, 'prediction': 'SAFETY'}
{'rr_intervals': '0.8006651401519775,0.7801640033721924,0.6895041465759277,0.6885011196136475,0.6963105201721191,0.7509622573852539,0.8123135566711426,0.821174144744873,0.6983036994934082,0.7987422943115234,0.6789038181304932,0.6856186389923096,0.7021265029907227,0.7207512855529785', 'bpm': 81.36348834459024, 'rmssd': 0.06815521642206043, 'sd': 0.05205400733176737, 'pNN': 0.21428571428571427, 'prediction': 'SAFETY'}
{'rr_intervals': '0.6827094554901123,0.692481517791748,0.6904737949371338,0.6973731517791748,0.6925308704376221,0.7012202739715576,0.720759391784668,0.7665586471557617,0.7686221599578857,0.7801458835601807,0.6905050277709961,0.6855716705322266,0.6865990161895752,0.6933891773223877,0.6280002593994141', 'bpm': 85.09077054763526, 'rmssd': 0.03424479215072803, 'sd': 0.03813547337708916, 'pNN': 0.0, 'prediction': 'SAFETY'}
{'rr_intervals': '0.7393004894256592,0.6866214275360107,0.6748561859130859,0.6787805557250977,0.6865034103393555,0.7157866954803467,0.7216658592224121,0.7353494167327881,0.695345401763916,0.640744686126709,0.630002498626709,0.6260836124420166,0.6387543678283691,0.657402753829956,0.6717870235443115,0.6378321647644043', 'bpm': 88.58690147909805, 'rmssd': 0.02757887953588803, 'sd': 0.03608581375890652, 'pNN': 0.0, 'prediction': 'SAFETY'}
{'rr_intervals': '0.6670844554901123,0.6963047981262207,0.7235658168792725,0.7411842346191406,0.7461264133453369,0.730463981628418,0.6768548488616943,0.635983943939209,0.6201813220977783,0.6104757785797119,0.627056360244751,0.6592943668365479,0.7197015285491943,0.7714011669158936,0.773388147354126', 'bpm': 86.54622437306281, 'rmssd': 0.03363315462229026, 'sd': 0.05328808208530604, 'pNN': 0.13333333333333333, 'prediction': 'SAFETY'}
{'rr_intervals': '0.8329048156738281,0.8659741878509521,0.852503776550293,0.8523406982421875,0.8484621047973633,0.8357696533203125,0.7528636455535889,0.6817183494567871,0.6504807472229004,0.6231544017791748,0.6124110221862793,0.6105132102966309,0.6318955421447754,0.650458812713623', 'bpm': 81.54191119547832, 'rmssd': 0.03654859894329296, 'sd': 0.10297299226661817, 'pNN': 0.0, 'prediction': 'SAFETY'}
{'rr_intervals': '0.7129068374633789,0.7352995872497559,0.7333400249481201,0.7236349582672119,0.7119181156158447,0.6953394412994385,0.6777875423431396,0.6796910762786865,0.6661081314086914,0.6729080677032471,0.6630978584289551,0.6310074329376221,0.6709549427032471,0.7265374660491943,0.781153678894043', 'bpm': 85.8640558388444, 'rmssd': 0.028213765286817613, 'sd': 0.036758860631731144, 'pNN': 0.13333333333333333, 'prediction': 'SAFETY'}
{'rr_intervals': '0.8103845119476318,0.7245755195617676,0.7372837066650391,0.7343709468841553,0.7353196144104004,0.6777946949005127,0.641798734664917,0.6144092082977295,0.6202640533447266,0.6164002418518066,0.638800859451294,0.6690957546234131,0.7138960361480713,0.7587850093841553,0.7431511878967285,0.7188172340393066', 'bpm': 86.05892624914136, 'rmssd': 0.037048709660859915, 'sd': 0.05678917053739435, 'pNN': 0.0, 'prediction': 'SAFETY'}
{'rr_intervals': '0.7753608226776123,0.8289523124694824,0.8757998943328857,0.9031248092651367,0.8806893825531006,0.8192188739776611,0.7266025543212891,0.7265911102294922,0.7821652889251709,0.8435711860656738,0.841672420501709,0.7733879089355469,0.7724401950836182,0.817274808883667', 'bpm': 73.8990911386898, 'rmssd': 0.05180873752122492, 'sd': 0.052923540972532275, 'pNN': 0.21428571428571427, 'prediction': 'SAFETY'}
{'rr_intervals': '0.8212692737579346,0.7324590682983398,0.7129275798797607,0.7197692394256592,0.7285232543945312,0.7265913486480713,0.6973466873168945,0.689521074295044,0.7051303386688232,0.7246389389038086,0.7519488334655762,0.6709132194519043,0.8660674095153809,0.7997322082519531,0.8221948146820068', 'bpm': 80.57993710968252, 'rmssd': 0.06807197357491052, 'sd': 0.054619604402661136, 'pNN': 0.06666666666666667, 'prediction': 'SAFETY'}
{'rr_intervals': '0.780181884765625,0.7909026145935059,0.8289551734924316,0.7519423961639404,0.7704553604125977,0.8074884414672852,0.8338186740875244,0.7958593368530273,0.787041425704956,0.7968330383300781,0.816321849822998,0.767531156539917,0.7753465175628662', 'bpm': 75.70847209409912, 'rmssd': 0.036102539770423006, 'sd': 0.0233552142822914, 'pNN': 0.0, 'prediction': 'SAFETY'}
{'rr_intervals': '0.7440638542175293,0.6739623546600342,0.639793872833252,0.6465926170349121,0.6660850048065186,0.710979700088501,0.7840595245361328,0.8114321231842041,0.7675931453704834,0.8279922008514404,0.8650853633880615,0.8387272357940674,0.8562901020050049,0.8495101928710938', 'bpm': 78.63572785059242, 'rmssd': 0.04340536830297465, 'sd': 0.07950412564753068, 'pNN': 0.14285714285714285, 'prediction': 'SAFETY'}
{'rr_intervals': '0.8074541091918945,0.8289611339569092,0.8466053009033203,0.8113880157470703,0.8104057312011719,0.8036582469940186,0.8591687679290771,0.8446469306945801,0.8543717861175537,0.9460330009460449,0.9177424907684326,0.8523569107055664', 'bpm': 70.70752009255409, 'rmssd': 0.043502757608631815, 'sd': 0.042224160425957745, 'pNN': 0.16666666666666666, 'prediction': 'SAFETY'}
{'rr_intervals': '0.7850499153137207,0.7822387218475342,0.7519137859344482,0.6885576248168945,0.6651310920715332,0.6787784099578857,0.7626636028289795,0.8982112407684326,0.40770936012268066,0.4974098205566406,0.8651010990142822,0.900153398513794,0.8991615772247314,0.8630876541137695', 'bpm': 80.41996605950754, 'rmssd': 0.18651464783083485, 'sd': 0.14442770476467998, 'pNN': 0.2857142857142857, 'prediction': 'SAFETY'}
{'rr_intervals': '0.4495553970336914,0.37450623512268066,0.7996752262115479,0.743133544921875,0.7158377170562744,0.73533034324646,0.785020112991333,0.7119739055633545,0.8231062889099121,0.7977821826934814,0.8055415153503418,0.7548573017120361,0.7919166088104248,0.772423267364502,0.7704474925994873', 'bpm': 83.09399846212622, 'rmssd': 0.1288726132421901, 'sd': 0.12637191107475534, 'pNN': 0.13333333333333333, 'prediction': 'SAFETY'}
{'rr_intervals': '0.7149190902709961,0.7313821315765381,0.7821714878082275,0.7968459129333496,0.7129049301147461,0.71584153175354,0.5208039283752441,0.9634578227996826,0.7499384880065918,0.7909126281738281,0.8240818977355957,0.8259994983673096,0.7607035636901855,0.8084192276000977,0.8036034107208252', 'bpm': 78.24735964876352, 'rmssd': 0.15166754591309994, 'sd': 0.08964754980635821, 'pNN': 0.13333333333333333, 'prediction': 'SAFETY'}
{'rr_intervals': '0.4180631637573242,0.5452392101287842,0.5392646789550781,0.5325284004211426,0.5480241775512695,0.5841915607452393,0.6164288520812988,0.7088980674743652,0.7928664684295654,0.8368470668792725,0.8064885139465332,0.8454859256744385,0.8689472675323486,0.8260271549224854,0.8494563102722168', 'bpm': 87.21980911138107, 'rmssd': 5.66784030984002, 'sd': 14.72693565128541, 'pNN': 0.2, 'prediction': 'SAFETY'}
{'rr_intervals': '0.9382154941558838,0.9781851768493652,0.9888746738433838,0.963529109954834,0.9820895195007324,0.9577031135559082,0.7675142288208008,1.0103869438171387,0.7177929878234863,0.6699831485748291,0.6524667739868164,0.7021818161010742', 'bpm': 69.70717091291037, 'rmssd': 13.752374495244545, 'sd': 13.763877235434258, 'pNN': 0.08333333333333333, 'prediction': 'SAFETY'}
{'rr_intervals': '0.8543550968170166,0.9001357555389404,0.9001467227935791,0.8299434185028076,0.7275314331054688,0.6904864311218262,0.7236254215240479,0.7451791763305664,0.8308367729187012,0.8679499626159668,0.8621149063110352,0.843632698059082,0.7431790828704834', 'bpm': 74.15071141509362, 'rmssd': 6.002185824115751, 'sd': 6.98670607988146, 'pNN': 0.07692307692307693, 'prediction': 'SAFETY'}
{'rr_intervals': '0.6436963081359863,0.6709768772125244,0.7138960361480713,0.835780143737793,0.8992397785186768,0.9274787902832031,0.8767690658569336,0.7957596778869629,0.8407256603240967,0.885533332824707,0.8816263675689697,0.865034818649292,0.8065593242645264', 'bpm': 73.2870822969659, 'rmssd': 5.965063275325442, 'sd': 8.644590770057468, 'pNN': 0.15384615384615385, 'prediction': 'SAFETY'}
{'rr_intervals': '0.7412428855895996,0.7207014560699463,0.691490650177002,0.7694792747497559,0.870919942855835,0.8874599933624268,0.8913712501525879,0.8631205558776855,0.7830893993377686,0.7285079956054688,0.7372708320617676,0.7704751491546631,0.6944098472595215', 'bpm': 76.85077934584979, 'rmssd': 5.6475247130455655, 'sd': 7.0156879266621885, 'pNN': 0.15384615384615385, 'prediction': 'SAFETY'}
